{"name":"efa7461e-167a-437d-abfe-ff86a578c4c5","id":"/providers/Microsoft.Flow/flows/efa7461e-167a-437d-abfe-ff86a578c4c5","type":"Microsoft.Flow/flows","properties":{"apiId":"/providers/Microsoft.PowerApps/apis/shared_logicflows","displayName":"test123","definition":{"metadata":{"workflowEntityId":null,"processAdvisorMetadata":null,"flowChargedByPaygo":null,"flowclientsuspensionreason":"None","flowclientsuspensiontime":null,"flowclientsuspensionreasondetails":null,"creator":{"id":"1abe5ab4-3bfe-4e19-8cb7-612746171fb1","type":"User","tenantId":"d3ad2739-e4f0-42f6-b6fc-95eaa7b9ebdf"},"provisioningMethod":"FromDefinition","failureAlertSubscription":true,"clientLastModifiedTime":"2024-10-24T10:00:19.1072023Z","connectionKeySavedTimeKey":"2024-10-24T10:00:19.1072023Z"},"$schema":"https://schema.management.azure.com/providers/Microsoft.Logic/schemas/2016-06-01/workflowdefinition.json#","contentVersion":"undefined","parameters":{"$authentication":{"defaultValue":{},"type":"SecureObject"},"$connections":{"defaultValue":{},"type":"Object"}},"triggers":{"manual":{"type":"Request","kind":"Button","inputs":{"schema":{"type":"object","properties":{},"required":[]}}}},"actions":{"varClientID":{"runAfter":{},"type":"InitializeVariable","inputs":{"variables":[{"name":"ClientID","type":"string","value":"4e5d9d31-9d02-4355-92d7-efa44f524469"}]}},"varClientSecret":{"runAfter":{"varClientID":["Succeeded"]},"type":"InitializeVariable","inputs":{"variables":[{"name":"ClientSecret","type":"string","value":"KR68Q~5r16oISLdWmPM61ksFsaOHN184P_jBabOT"}]}},"varScope":{"runAfter":{"varClientSecret":["Succeeded"]},"type":"InitializeVariable","inputs":{"variables":[{"name":"Scope","type":"string","value":"api://29c42d24-43ab-43c9-9804-e596def31235/.default"}]}},"varAccesToken":{"runAfter":{"varScope":["Succeeded"]},"type":"InitializeVariable","inputs":{"variables":[{"name":"accesToken","type":"string"}]}},"Get_BEAR_token":{"runAfter":{"varAccesToken":["Succeeded"]},"type":"Http","inputs":{"uri":"https://login.microsoftonline.com/d167ca06-b5ec-450d-a05c-fac0a794b8a3/oauth2/v2.0/token","method":"POST","headers":{"Content-Type":"application/x-www-form-urlencoded"},"body":"grant_type=client_credentials&client_id=@{variables('ClientID')}&client_secret=@{variables('ClientSecret')}&scope=@{variables('Scope')}"},"runtimeConfiguration":{"contentTransfer":{"transferMode":"Chunked"}}},"verwerk_JSON_response":{"runAfter":{"Get_BEAR_token":["Succeeded"]},"type":"ParseJson","inputs":{"content":"@body('Get_BEAR_token')","schema":{"type":"object","properties":{"token_type":{"type":"string"},"expires_in":{"type":"integer"},"ext_expires_in":{"type":"integer"},"access_token":{"type":"string"}}}}},"AccesToken":{"runAfter":{"verwerk_JSON_response":["Succeeded"]},"type":"AppendToStringVariable","inputs":{"name":"accesToken","value":"@body('verwerk_JSON_response')?['access_token']"}},"Ophalen_info-copy":{"runAfter":{"AccesToken":["Succeeded"]},"type":"Http","inputs":{"uri":"https://api-dev.veiligheidsbeeld.nl/api/external/topics/incidenten-monitor","method":"GET","headers":{"Authorization":"Bearer @{variables('accesToken')}","Content-Type":"application/json"}},"runtimeConfiguration":{"contentTransfer":{"transferMode":"Chunked"}}}}},"connectionReferences":{},"flowFailureAlertSubscribed":false,"isManaged":false}}