{"name":"e0ddee58-1ae2-42a4-8fbe-8a681c718700","id":"/providers/Microsoft.Flow/flows/e0ddee58-1ae2-42a4-8fbe-8a681c718700","type":"Microsoft.Flow/flows","properties":{"apiId":"/providers/Microsoft.PowerApps/apis/shared_logicflows","displayName":"Veiligheidsbeeld.nl bijwerken","definition":{"metadata":{"workflowEntityId":null,"processAdvisorMetadata":null,"flowChargedByPaygo":null,"flowclientsuspensionreason":"None","flowclientsuspensiontime":null,"flowclientsuspensionreasondetails":null,"creator":{"id":"1abe5ab4-3bfe-4e19-8cb7-612746171fb1","type":"User","tenantId":"d3ad2739-e4f0-42f6-b6fc-95eaa7b9ebdf"},"provisioningMethod":"FromDefinition","failureAlertSubscription":true,"clientLastModifiedTime":"2024-10-31T13:33:55.2100573Z","connectionKeySavedTimeKey":"2024-10-31T13:33:55.2100573Z"},"$schema":"https://schema.management.azure.com/providers/Microsoft.Logic/schemas/2016-06-01/workflowdefinition.json#","contentVersion":"undefined","parameters":{"$authentication":{"defaultValue":{},"type":"SecureObject"},"$connections":{"defaultValue":{},"type":"Object"}},"triggers":{"Wanneer_een_item_of_bestand_wordt_gewijzigd":{"recurrence":{"frequency":"Minute","interval":1},"splitOn":"@triggerOutputs()?['body/value']","type":"OpenApiConnection","inputs":{"parameters":{"dataset":"https://veiligheidsregionog.sharepoint.com/sites/VIC","table":"30064c0a-d17d-4db0-a93f-9fa565c55daa"},"host":{"apiId":"/providers/Microsoft.PowerApps/apis/shared_sharepointonline","connectionName":"shared_sharepointonline","operationId":"GetOnChangedItems"},"authentication":"@parameters('$authentication')"}}},"actions":{"Wijzigingen_ophalen_voor_een_item_of_een_bestand_(alleen_eigenschappen)":{"runAfter":{},"type":"OpenApiConnection","inputs":{"parameters":{"dataset":"https://veiligheidsregionog.sharepoint.com/sites/VIC","table":"30064c0a-d17d-4db0-a93f-9fa565c55daa","id":"@triggerBody()?['ID']","since":"@triggerBody()?['{TriggerWindowStartToken}']","includeDrafts":false},"host":{"apiId":"/providers/Microsoft.PowerApps/apis/shared_sharepointonline","connectionName":"shared_sharepointonline","operationId":"GetItemChanges"},"authentication":"@parameters('$authentication')"}},"Voorwaarde":{"actions":{"Get_BEAR_token":{"runAfter":{"Lijstinformatie_ophalen":["Succeeded"]},"type":"Http","inputs":{"uri":"https://login.microsoftonline.com/d167ca06-b5ec-450d-a05c-fac0a794b8a3/oauth2/v2.0/token","method":"POST","headers":{"Content-Type":"application/x-www-form-urlencoded"},"body":"grant_type=client_credentials&client_id=@{variables('ClientID')}&client_secret=@{variables('ClientSecret')}&scope=@{variables('Scope')}"},"runtimeConfiguration":{"contentTransfer":{"transferMode":"Chunked"}}},"verwerk_JSON_response":{"runAfter":{"Get_BEAR_token":["Succeeded"]},"type":"ParseJson","inputs":{"content":"@body('Get_BEAR_token')","schema":{"type":"object","properties":{"token_type":{"type":"string"},"expires_in":{"type":"integer"},"ext_expires_in":{"type":"integer"},"access_token":{"type":"string"}}}}},"AccesToken":{"runAfter":{"verwerk_JSON_response":["Succeeded"]},"type":"AppendToStringVariable","inputs":{"name":"accesToken","value":"@body('verwerk_JSON_response')?['access_token']"}},"Lijstinformatie_ophalen":{"type":"OpenApiConnection","inputs":{"parameters":{"dataset":"https://veiligheidsregionog.sharepoint.com/sites/VIC","table":"b2314113-9ba0-4d8b-86da-c781fd240b7b","$filter":"VNOG_veiligheidsbeeldID eq '@{triggerBody()?['ID']}'"},"host":{"apiId":"/providers/Microsoft.PowerApps/apis/shared_sharepointonline","connectionName":"shared_sharepointonline","operationId":"GetItems"},"authentication":"@parameters('$authentication')"}},"Ophalen_info":{"runAfter":{"AccesToken":["Succeeded"]},"type":"Http","inputs":{"uri":"https://api-dev.veiligheidsbeeld.nl/api/external/topics/incidenten-monitor","method":"GET","headers":{"Authorization":"Bearer @{variables('accesToken')}","Content-Type":"application/json"}},"runtimeConfiguration":{"contentTransfer":{"transferMode":"Chunked"}}},"For_each":{"foreach":"@outputs('Lijstinformatie_ophalen')?['body/value']","actions":{"Wegsturen_info-copy":{"type":"Http","inputs":{"uri":"https://api-dev.veiligheidsbeeld.nl/api/external/topics/36435286-2f15-44b7-8ab0-737f4e30868e","method":"PUT","headers":{"Authorization":"Bearer @{variables('accesToken')}","Content-Type":"application/json"},"body":{"rawContent":"@{triggerBody()?['Duiding']}","contacts":[],"externalLinks":[],"events":[],"title":"@{triggerBody()?['Subthema']}","isActive":true,"slug":"@{items('For_each')?['Slug']}","shortDescription":"","subTopics":[],"currentThreatLevel":"@triggerBody()?['Prioriteit']","maxThreatLevel":4,"iconId":"@{item()?['IconID']}","lastModificationTime":null,"selectedRegions":["08db9356-b20c-43dd-8901-711c3cef52b8"],"categories":["@{items('For_each')?['HoofdthemaID']}"],"id":"@{item()?['LandelijkbeeldID']}"}},"runtimeConfiguration":{"contentTransfer":{"transferMode":"Chunked"}}}},"runAfter":{"Ophalen_info":["Succeeded"]},"type":"Foreach"}},"runAfter":{"varAccesToken":["Succeeded"]},"else":{"actions":{}},"expression":{"and":[{"equals":["@outputs('Wijzigingen_ophalen_voor_een_item_of_een_bestand_(alleen_eigenschappen)')?['body/ColumnHasChanged/Status']","@true"]}]},"type":"If"},"varClientID":{"runAfter":{"Wijzigingen_ophalen_voor_een_item_of_een_bestand_(alleen_eigenschappen)":["Succeeded"]},"type":"InitializeVariable","inputs":{"variables":[{"name":"ClientID","type":"string","value":"4e5d9d31-9d02-4355-92d7-efa44f524469"}]}},"varClientSecret":{"runAfter":{"varClientID":["Succeeded"]},"type":"InitializeVariable","inputs":{"variables":[{"name":"ClientSecret","type":"string","value":"KR68Q~5r16oISLdWmPM61ksFsaOHN184P_jBabOT"}]}},"varScope":{"runAfter":{"varClientSecret":["Succeeded"]},"type":"InitializeVariable","inputs":{"variables":[{"name":"Scope","type":"string","value":"api://29c42d24-43ab-43c9-9804-e596def31235/.default"}]}},"varAccesToken":{"runAfter":{"varScope":["Succeeded"]},"type":"InitializeVariable","inputs":{"variables":[{"name":"accesToken","type":"string"}]}}}},"connectionReferences":{"shared_sharepointonline":{"connectionName":"73272a9818c64c1a954290c8c1a5dd33","source":"Embedded","id":"/providers/Microsoft.PowerApps/apis/shared_sharepointonline","tier":"NotSpecified"}},"flowFailureAlertSubscribed":false,"isManaged":false}}